date_bedtime,date_wake,broken_sleep_ind,bedtime,wake,nap_ind,rating,duration_mins,duration_hours,bedtime_hour,dist_from_6pm_mins,mins_from_8_hours,day_of_week,work_day
2019-08-24T04:00:00Z,2019-08-25T04:00:00Z,0,2019-08-25T05:27:00Z,2019-08-25T14:09:00Z,0,3.5,522,8.7,1,447,42,Sat,Fri-Sat
2019-08-25T04:00:00Z,2019-08-26T04:00:00Z,0,2019-08-26T03:40:00Z,2019-08-26T11:18:00Z,0,3.25,458,7.6,23,340,-22,Sun,Worknight
2019-08-26T04:00:00Z,2019-08-27T04:00:00Z,0,2019-08-27T02:14:00Z,2019-08-27T10:52:00Z,0,4,518,8.6,22,254,38,Mon,Worknight
2019-08-27T04:00:00Z,2019-08-28T04:00:00Z,0,2019-08-28T02:52:00Z,2019-08-28T10:49:00Z,0,4.25,477,8,22,292,-3,Tue,Worknight
2019-08-28T04:00:00Z,2019-08-29T04:00:00Z,0,2019-08-29T02:32:00Z,2019-08-29T12:05:00Z,0,3,573,9.6,22,272,93,Wed,Worknight
2019-08-29T04:00:00Z,2019-08-30T04:00:00Z,0,2019-08-30T04:41:00Z,2019-08-30T12:51:00Z,0,3.75,490,8.2,0,401,10,Thu,Worknight
2019-08-30T04:00:00Z,2019-08-31T04:00:00Z,0,2019-08-31T03:16:00Z,2019-08-31T11:32:00Z,0,3,496,8.3,23,316,16,Fri,Fri-Sat
2019-08-31T04:00:00Z,2019-09-01T04:00:00Z,0,2019-09-01T05:02:00Z,2019-09-01T14:09:00Z,0,3.5,547,9.1,1,422,67,Sat,Fri-Sat
2019-09-01T04:00:00Z,2019-09-02T04:00:00Z,0,2019-09-02T05:08:00Z,2019-09-02T13:12:00Z,0,4.5,484,8.1,1,428,4,Sun,Worknight
2019-09-02T04:00:00Z,2019-09-03T04:00:00Z,0,2019-09-03T05:05:00Z,2019-09-03T12:32:00Z,0,4,447,7.5,1,425,-33,Mon,Worknight
2019-09-03T04:00:00Z,2019-09-04T04:00:00Z,0,2019-09-04T04:26:00Z,2019-09-04T12:36:00Z,0,4.25,490,8.2,0,386,10,Tue,Worknight
2019-09-04T04:00:00Z,2019-09-05T04:00:00Z,0,2019-09-05T06:57:00Z,2019-09-05T12:06:00Z,0,3.5,309,5.2,2,537,-171,Wed,Worknight
2019-09-05T04:00:00Z,2019-09-06T04:00:00Z,0,2019-09-06T01:44:00Z,2019-09-06T12:20:00Z,0,5,636,10.6,21,224,156,Thu,Worknight
2019-09-06T04:00:00Z,2019-09-07T04:00:00Z,0,2019-09-07T07:47:00Z,2019-09-07T14:18:00Z,0,3.5,391,6.5,3,587,-89,Fri,Fri-Sat
2019-09-07T04:00:00Z,2019-09-08T04:00:00Z,0,2019-09-08T04:15:00Z,2019-09-08T14:50:00Z,0,4.5,635,10.6,0,375,155,Sat,Fri-Sat
2019-09-08T04:00:00Z,2019-09-09T04:00:00Z,0,2019-09-09T03:10:00Z,2019-09-09T12:11:00Z,0,4.5,541,9,23,310,61,Sun,Worknight
2019-09-09T04:00:00Z,2019-09-10T04:00:00Z,0,2019-09-10T05:13:00Z,2019-09-10T12:14:00Z,0,3.5,421,7,1,433,-59,Mon,Worknight
2019-09-10T04:00:00Z,2019-09-11T04:00:00Z,0,2019-09-11T05:08:00Z,2019-09-11T13:13:00Z,0,4.5,485,8.1,1,428,5,Tue,Worknight
2019-09-11T04:00:00Z,2019-09-12T04:00:00Z,1,2019-09-12T04:26:00Z,2019-09-12T13:02:00Z,0,2.75,516,8.6,0,386,36,Wed,Worknight
2019-09-12T04:00:00Z,2019-09-13T04:00:00Z,0,2019-09-13T04:31:00Z,2019-09-13T10:53:00Z,0,3.5,382,6.4,0,391,-98,Thu,Worknight
2019-09-13T04:00:00Z,2019-09-14T04:00:00Z,0,2019-09-14T08:48:00Z,2019-09-14T15:31:00Z,0,0,403,6.7,4,648,-77,Fri,Fri-Sat
2019-09-14T04:00:00Z,2019-09-15T04:00:00Z,0,2019-09-15T09:34:00Z,2019-09-15T14:21:00Z,0,2.75,287,4.8,5,694,-193,Sat,Fri-Sat
2019-09-15T04:00:00Z,2019-09-16T04:00:00Z,0,2019-09-16T03:45:00Z,2019-09-16T13:16:00Z,0,3.5,571,9.5,23,345,91,Sun,Worknight
2019-09-16T04:00:00Z,2019-09-17T04:00:00Z,0,2019-09-17T06:38:00Z,2019-09-17T12:27:00Z,0,2.5,349,5.8,2,518,-131,Mon,Worknight
2019-09-17T04:00:00Z,2019-09-18T04:00:00Z,0,2019-09-18T03:22:00Z,2019-09-18T12:50:00Z,0,4.25,568,9.5,23,322,88,Tue,Worknight
2019-09-18T04:00:00Z,2019-09-19T04:00:00Z,0,2019-09-19T06:59:00Z,2019-09-19T12:45:00Z,0,2.75,346,5.8,2,539,-134,Wed,Worknight
2019-09-19T04:00:00Z,2019-09-20T04:00:00Z,0,2019-09-20T03:01:00Z,2019-09-20T12:28:00Z,0,4.25,567,9.4,23,301,87,Thu,Worknight
2019-09-20T04:00:00Z,2019-09-21T04:00:00Z,0,2019-09-21T04:53:00Z,2019-09-21T12:30:00Z,0,3.5,457,7.6,0,413,-23,Fri,Fri-Sat
2019-09-21T04:00:00Z,2019-09-22T04:00:00Z,0,2019-09-22T03:59:00Z,2019-09-22T14:30:00Z,0,4,631,10.5,23,359,151,Sat,Fri-Sat
2019-09-22T04:00:00Z,2019-09-23T04:00:00Z,0,2019-09-23T03:23:00Z,2019-09-23T09:55:00Z,0,4.25,392,6.5,23,323,-88,Sun,Worknight
2019-09-23T04:00:00Z,2019-09-24T04:00:00Z,0,2019-09-24T06:51:00Z,2019-09-24T12:54:00Z,0,3.5,363,6,2,531,-117,Mon,Worknight
2019-09-24T04:00:00Z,2019-09-25T04:00:00Z,0,2019-09-25T04:10:00Z,2019-09-25T12:18:00Z,0,3.5,488,8.1,0,370,8,Tue,Worknight
2019-09-25T04:00:00Z,2019-09-26T04:00:00Z,0,2019-09-26T04:44:00Z,2019-09-26T12:51:00Z,0,3.75,487,8.1,0,404,7,Wed,Worknight
2019-09-26T04:00:00Z,2019-09-27T04:00:00Z,0,2019-09-27T04:47:00Z,2019-09-27T12:00:00Z,0,3.75,433,7.2,0,407,-47,Thu,Worknight
2019-09-27T04:00:00Z,2019-09-28T04:00:00Z,0,2019-09-28T04:22:00Z,2019-09-28T12:33:00Z,0,4.25,491,8.2,0,382,11,Fri,Fri-Sat
2019-09-28T04:00:00Z,2019-09-29T04:00:00Z,0,2019-09-29T03:21:00Z,2019-09-29T12:13:00Z,0,3.5,532,8.9,23,321,52,Sat,Fri-Sat
2019-09-29T04:00:00Z,2019-09-30T04:00:00Z,0,2019-09-30T03:21:00Z,2019-09-30T11:55:00Z,0,3.75,514,8.6,23,321,34,Sun,Worknight
2019-09-30T04:00:00Z,2019-10-01T04:00:00Z,0,2019-10-01T01:44:00Z,2019-10-01T12:16:00Z,0,4.75,632,10.5,21,224,152,Mon,Worknight
2019-10-01T04:00:00Z,2019-10-02T04:00:00Z,0,2019-10-02T02:05:00Z,2019-10-02T12:09:00Z,0,4.5,604,10.1,22,245,124,Tue,Worknight
2019-10-02T04:00:00Z,2019-10-03T04:00:00Z,0,2019-10-03T04:09:00Z,2019-10-03T12:15:00Z,0,3.5,486,8.1,0,369,6,Wed,Worknight
2019-10-03T04:00:00Z,2019-10-04T04:00:00Z,0,2019-10-04T02:50:00Z,2019-10-04T11:18:00Z,0,3.75,508,8.5,22,290,28,Thu,Worknight
2019-10-04T04:00:00Z,2019-10-05T04:00:00Z,0,2019-10-05T03:45:00Z,2019-10-05T13:16:00Z,0,4,571,9.5,23,345,91,Fri,Fri-Sat
2019-10-05T04:00:00Z,2019-10-06T04:00:00Z,0,2019-10-06T07:19:00Z,2019-10-06T14:14:00Z,0,4.5,415,6.9,3,559,-65,Sat,Fri-Sat
2019-10-06T04:00:00Z,2019-10-07T04:00:00Z,0,2019-10-07T04:20:00Z,2019-10-07T12:00:00Z,0,4,460,7.7,0,380,-20,Sun,Worknight
2019-10-07T04:00:00Z,2019-10-08T04:00:00Z,0,2019-10-08T04:23:00Z,2019-10-08T11:35:00Z,0,4.5,432,7.2,0,383,-48,Mon,Worknight
2019-10-08T04:00:00Z,2019-10-09T04:00:00Z,0,2019-10-09T03:21:00Z,2019-10-09T12:52:00Z,0,4.25,571,9.5,23,321,91,Tue,Worknight
2019-10-09T04:00:00Z,2019-10-10T04:00:00Z,0,2019-10-10T04:54:00Z,2019-10-10T11:41:00Z,0,4.25,407,6.8,0,414,-73,Wed,Worknight
2019-10-10T04:00:00Z,2019-10-11T04:00:00Z,0,2019-10-11T03:08:00Z,2019-10-11T12:12:00Z,0,4.5,544,9.1,23,308,64,Thu,Worknight
2019-10-11T04:00:00Z,2019-10-12T04:00:00Z,0,2019-10-12T06:13:00Z,2019-10-12T12:30:00Z,0,3.75,377,6.3,2,493,-103,Fri,Fri-Sat
2019-10-12T04:00:00Z,2019-10-13T04:00:00Z,0,2019-10-13T03:04:00Z,2019-10-13T13:42:00Z,0,4.25,638,10.6,23,304,158,Sat,Fri-Sat
2019-10-13T04:00:00Z,2019-10-14T04:00:00Z,0,2019-10-14T02:35:00Z,2019-10-14T11:05:00Z,0,4.5,510,8.5,22,275,30,Sun,Worknight
2019-10-14T04:00:00Z,2019-10-15T04:00:00Z,0,2019-10-15T02:31:00Z,2019-10-15T11:19:00Z,0,4.25,528,8.8,22,271,48,Mon,Worknight
2019-10-15T04:00:00Z,2019-10-16T04:00:00Z,0,2019-10-16T03:26:00Z,2019-10-16T11:59:00Z,0,0,513,8.6,23,326,33,Tue,Worknight
2019-10-16T04:00:00Z,2019-10-17T04:00:00Z,0,2019-10-17T03:53:00Z,2019-10-17T11:13:00Z,0,3.5,440,7.3,23,353,-40,Wed,Worknight
2019-10-17T04:00:00Z,2019-10-18T04:00:00Z,0,2019-10-18T04:51:00Z,2019-10-18T12:10:00Z,0,4.25,439,7.3,0,411,-41,Thu,Worknight
2019-10-18T04:00:00Z,2019-10-19T04:00:00Z,0,2019-10-19T03:47:00Z,2019-10-19T12:42:00Z,0,4.25,535,8.9,23,347,55,Fri,Fri-Sat
2019-10-19T04:00:00Z,2019-10-20T04:00:00Z,0,2019-10-20T03:49:00Z,2019-10-20T12:47:00Z,0,4.5,538,9,23,349,58,Sat,Fri-Sat
2019-10-20T04:00:00Z,2019-10-21T04:00:00Z,0,2019-10-21T03:40:00Z,2019-10-21T12:24:00Z,0,4.5,524,8.7,23,340,44,Sun,Worknight
2019-10-21T04:00:00Z,2019-10-22T04:00:00Z,0,2019-10-22T03:11:00Z,2019-10-22T11:35:00Z,0,4.25,504,8.4,23,311,24,Mon,Worknight
2019-10-22T04:00:00Z,2019-10-23T04:00:00Z,0,2019-10-23T01:28:00Z,2019-10-23T06:08:00Z,0,1.75,280,4.7,21,208,-200,Tue,Worknight
2019-10-23T04:00:00Z,2019-10-24T04:00:00Z,0,2019-10-24T02:13:00Z,2019-10-24T12:14:00Z,0,4.25,601,10,22,253,121,Wed,Worknight
2019-10-24T04:00:00Z,2019-10-25T04:00:00Z,0,2019-10-25T03:55:00Z,2019-10-25T12:00:00Z,0,4.5,485,8.1,23,355,5,Thu,Worknight
2019-10-25T04:00:00Z,2019-10-26T04:00:00Z,0,2019-10-26T04:35:00Z,2019-10-26T13:19:00Z,0,4.25,524,8.7,0,395,44,Fri,Fri-Sat
2019-10-26T04:00:00Z,2019-10-27T04:00:00Z,0,2019-10-27T06:52:00Z,2019-10-27T14:23:00Z,0,3.75,451,7.5,2,532,-29,Sat,Fri-Sat
2019-10-27T04:00:00Z,2019-10-28T04:00:00Z,0,2019-10-28T04:36:00Z,2019-10-28T12:42:00Z,0,4.25,486,8.1,0,396,6,Sun,Worknight
2019-10-28T04:00:00Z,2019-10-29T04:00:00Z,0,2019-10-29T02:54:00Z,2019-10-29T12:16:00Z,0,4.25,562,9.4,22,294,82,Mon,Worknight
2019-10-29T04:00:00Z,2019-10-30T04:00:00Z,0,2019-10-30T02:33:00Z,2019-10-30T12:40:00Z,0,4.25,607,10.1,22,273,127,Tue,Worknight
2019-10-30T04:00:00Z,2019-10-31T04:00:00Z,0,2019-10-31T04:51:00Z,2019-10-31T12:18:00Z,0,3.5,447,7.5,0,411,-33,Wed,Worknight
2019-10-31T04:00:00Z,2019-11-01T04:00:00Z,0,2019-11-01T05:10:00Z,2019-11-01T11:55:00Z,0,4.25,405,6.8,1,430,-75,Thu,Worknight
2019-11-01T04:00:00Z,2019-11-02T04:00:00Z,0,2019-11-02T04:25:00Z,2019-11-02T13:11:00Z,0,4.5,526,8.8,0,385,46,Fri,Fri-Sat
2019-11-02T04:00:00Z,2019-11-03T04:00:00Z,0,2019-11-03T07:21:00Z,2019-11-03T15:20:00Z,0,4.5,479,8,2,561,-1,Sat,Fri-Sat
2019-11-03T04:00:00Z,2019-11-04T05:00:00Z,0,2019-11-04T05:26:00Z,2019-11-04T13:13:00Z,0,4.25,467,7.8,0,386,-13,Sun,Worknight
2019-11-04T05:00:00Z,2019-11-05T05:00:00Z,0,2019-11-05T05:10:00Z,2019-11-05T12:55:00Z,0,3.75,465,7.8,0,370,-15,Mon,Worknight
2019-11-05T05:00:00Z,2019-11-06T05:00:00Z,0,2019-11-06T03:46:00Z,2019-11-06T12:56:00Z,0,4.25,550,9.2,22,286,70,Tue,Worknight
2019-11-06T05:00:00Z,2019-11-07T05:00:00Z,0,2019-11-07T04:11:00Z,2019-11-07T12:55:00Z,0,4.25,524,8.7,23,311,44,Wed,Worknight
2019-11-07T05:00:00Z,2019-11-08T05:00:00Z,0,2019-11-08T08:01:00Z,2019-11-08T13:59:00Z,0,3.5,358,6,3,541,-122,Thu,Worknight
2019-11-08T05:00:00Z,2019-11-09T05:00:00Z,0,2019-11-09T04:55:00Z,2019-11-09T13:24:00Z,0,4,509,8.5,23,355,29,Fri,Fri-Sat
2019-11-09T05:00:00Z,2019-11-10T05:00:00Z,0,2019-11-10T04:43:00Z,2019-11-10T13:18:00Z,0,4,515,8.6,23,343,35,Sat,Fri-Sat
2019-11-10T05:00:00Z,2019-11-11T05:00:00Z,0,2019-11-11T05:31:00Z,2019-11-11T14:09:00Z,0,4.5,518,8.6,0,391,38,Sun,Worknight
2019-11-11T05:00:00Z,2019-11-12T05:00:00Z,0,2019-11-12T02:49:00Z,2019-11-12T14:25:00Z,0,4.5,696,11.6,21,229,216,Mon,Worknight
2019-11-12T05:00:00Z,2019-11-13T05:00:00Z,0,2019-11-13T07:52:00Z,2019-11-13T13:31:00Z,0,3,339,5.7,2,532,-141,Tue,Worknight
2019-11-13T05:00:00Z,2019-11-14T05:00:00Z,0,2019-11-14T05:45:00Z,2019-11-14T12:55:00Z,0,4.25,430,7.2,0,405,-50,Wed,Worknight
2019-11-14T05:00:00Z,2019-11-15T05:00:00Z,0,2019-11-15T06:47:00Z,2019-11-15T12:29:00Z,0,4.5,342,5.7,1,467,-138,Thu,Worknight
2019-11-15T05:00:00Z,2019-11-16T05:00:00Z,0,2019-11-16T03:21:00Z,2019-11-16T12:52:00Z,0,4.5,571,9.5,22,261,91,Fri,Fri-Sat
2019-11-16T05:00:00Z,2019-11-17T05:00:00Z,0,2019-11-17T04:10:00Z,2019-11-17T13:17:00Z,0,4.5,547,9.1,23,310,67,Sat,Fri-Sat
2019-11-17T05:00:00Z,2019-11-18T05:00:00Z,0,2019-11-18T03:19:00Z,2019-11-18T12:55:00Z,0,4.25,576,9.6,22,259,96,Sun,Worknight
2019-11-18T05:00:00Z,2019-11-19T05:00:00Z,0,2019-11-19T03:21:00Z,2019-11-19T12:57:00Z,0,4.5,576,9.6,22,261,96,Mon,Worknight
2019-11-19T05:00:00Z,2019-11-20T05:00:00Z,0,2019-11-20T05:33:00Z,2019-11-20T13:30:00Z,0,4.25,477,8,0,393,-3,Tue,Worknight
2019-11-20T05:00:00Z,2019-11-21T05:00:00Z,0,2019-11-21T05:09:00Z,2019-11-21T13:00:00Z,0,4.5,471,7.8,0,369,-9,Wed,Worknight
2019-11-21T05:00:00Z,2019-11-22T05:00:00Z,0,2019-11-22T04:00:00Z,2019-11-22T07:52:00Z,0,2.5,232,3.9,23,300,-248,Thu,Worknight
2019-11-22T05:00:00Z,2019-11-23T05:00:00Z,0,2019-11-23T05:39:00Z,2019-11-23T15:44:00Z,0,4,605,10.1,0,399,125,Fri,Fri-Sat
2019-11-23T05:00:00Z,2019-11-24T05:00:00Z,0,2019-11-24T06:39:00Z,2019-11-24T14:51:00Z,0,3.75,492,8.2,1,459,12,Sat,Fri-Sat
2019-11-24T05:00:00Z,2019-11-25T05:00:00Z,0,2019-11-25T07:20:00Z,2019-11-25T14:00:00Z,0,3.25,400,6.7,2,500,-80,Sun,Worknight
2019-11-25T05:00:00Z,2019-11-26T05:00:00Z,0,2019-11-26T08:15:00Z,2019-11-26T14:11:00Z,0,4,356,5.9,3,555,-124,Mon,Worknight
2019-11-26T05:00:00Z,2019-11-27T05:00:00Z,0,2019-11-27T05:53:00Z,2019-11-27T13:49:00Z,0,4.25,476,7.9,0,413,-4,Tue,Worknight
2019-11-27T05:00:00Z,2019-11-28T05:00:00Z,0,2019-11-28T05:21:00Z,2019-11-28T15:18:00Z,0,4.5,597,9.9,0,381,117,Wed,Worknight
2019-11-28T05:00:00Z,2019-11-29T05:00:00Z,0,2019-11-29T08:37:00Z,2019-11-29T15:09:00Z,0,0,392,6.5,3,577,-88,Thu,Worknight
2019-11-29T05:00:00Z,2019-11-30T05:00:00Z,0,2019-11-30T06:34:00Z,2019-11-30T14:21:00Z,0,4.5,467,7.8,1,454,-13,Fri,Fri-Sat
2019-11-30T05:00:00Z,2019-12-01T05:00:00Z,0,2019-12-01T05:20:00Z,2019-12-01T16:00:00Z,0,3.75,640,10.7,0,380,160,Sat,Fri-Sat
2019-12-01T05:00:00Z,2019-12-02T05:00:00Z,0,2019-12-02T08:35:00Z,2019-12-02T14:11:00Z,0,3.25,336,5.6,3,575,-144,Sun,Worknight
2019-12-02T05:00:00Z,2019-12-03T05:00:00Z,0,2019-12-03T06:19:00Z,2019-12-03T13:46:00Z,0,3.5,447,7.5,1,439,-33,Mon,Worknight
2019-12-03T05:00:00Z,2019-12-04T05:00:00Z,0,2019-12-04T07:15:00Z,2019-12-04T14:36:00Z,0,3.5,441,7.3,2,495,-39,Tue,Worknight
2019-12-04T05:00:00Z,2019-12-05T05:00:00Z,0,2019-12-05T06:22:00Z,2019-12-05T13:00:00Z,0,4,398,6.6,1,442,-82,Wed,Worknight
2019-12-05T05:00:00Z,2019-12-06T05:00:00Z,0,2019-12-06T05:42:00Z,2019-12-06T13:35:00Z,0,4.5,473,7.9,0,402,-7,Thu,Worknight
2019-12-06T05:00:00Z,2019-12-07T05:00:00Z,0,2019-12-07T06:19:00Z,2019-12-07T13:57:00Z,0,4.25,458,7.6,1,439,-22,Fri,Fri-Sat
2019-12-07T05:00:00Z,2019-12-08T05:00:00Z,0,2019-12-08T05:55:00Z,2019-12-08T15:08:00Z,0,2.5,553,9.2,0,415,73,Sat,Fri-Sat
2019-12-08T05:00:00Z,2019-12-09T05:00:00Z,0,2019-12-09T04:28:00Z,2019-12-09T15:20:00Z,0,4.5,652,10.9,23,328,172,Sun,Worknight
2019-12-09T05:00:00Z,2019-12-10T05:00:00Z,0,2019-12-10T09:22:00Z,2019-12-10T14:46:00Z,0,2,324,5.4,4,622,-156,Mon,Worknight
2019-12-10T05:00:00Z,2019-12-11T05:00:00Z,0,2019-12-11T07:55:00Z,2019-12-11T15:39:00Z,0,3.5,464,7.7,2,535,-16,Tue,Worknight
2019-12-11T05:00:00Z,2019-12-12T05:00:00Z,0,2019-12-12T05:06:00Z,2019-12-12T12:57:00Z,0,3.5,471,7.8,0,366,-9,Wed,Worknight
2019-12-12T05:00:00Z,2019-12-13T05:00:00Z,0,2019-12-13T05:03:00Z,2019-12-13T14:20:00Z,0,3.75,557,9.3,0,363,77,Thu,Worknight
2019-12-13T05:00:00Z,2019-12-14T05:00:00Z,0,2019-12-14T05:41:00Z,2019-12-14T13:28:00Z,0,4.5,467,7.8,0,401,-13,Fri,Fri-Sat
2019-12-14T05:00:00Z,2019-12-15T05:00:00Z,0,2019-12-15T05:04:00Z,2019-12-15T15:29:00Z,0,4.5,625,10.4,0,364,145,Sat,Fri-Sat
2019-12-15T05:00:00Z,2019-12-16T05:00:00Z,0,2019-12-16T06:39:00Z,2019-12-16T13:11:00Z,0,3.5,392,6.5,1,459,-88,Sun,Worknight
2019-12-16T05:00:00Z,2019-12-17T05:00:00Z,0,2019-12-17T05:31:00Z,2019-12-17T13:11:00Z,0,4.25,460,7.7,0,391,-20,Mon,Worknight
2019-12-17T05:00:00Z,2019-12-18T05:00:00Z,0,2019-12-18T07:02:00Z,2019-12-18T14:28:00Z,0,3.5,446,7.4,2,482,-34,Tue,Worknight
2019-12-18T05:00:00Z,2019-12-19T05:00:00Z,0,2019-12-19T06:21:00Z,2019-12-19T13:40:00Z,0,3.5,439,7.3,1,441,-41,Wed,Worknight
2019-12-19T05:00:00Z,2019-12-20T05:00:00Z,0,2019-12-20T05:22:00Z,2019-12-20T15:08:00Z,0,4.5,586,9.8,0,382,106,Thu,Worknight
2019-12-20T05:00:00Z,2019-12-21T05:00:00Z,0,2019-12-21T05:52:00Z,2019-12-21T13:55:00Z,0,4.5,483,8.1,0,412,3,Fri,Fri-Sat
2019-12-21T05:00:00Z,2019-12-22T05:00:00Z,0,2019-12-22T03:56:00Z,2019-12-22T14:24:00Z,0,3.5,628,10.5,22,296,148,Sat,Fri-Sat
2019-12-22T05:00:00Z,2019-12-23T05:00:00Z,0,2019-12-23T06:06:00Z,2019-12-23T13:26:00Z,0,2.75,440,7.3,1,426,-40,Sun,Worknight
2019-12-23T05:00:00Z,2019-12-24T05:00:00Z,0,2019-12-24T07:13:00Z,2019-12-24T14:00:00Z,0,0,407,6.8,2,493,-73,Mon,Worknight
2019-12-24T05:00:00Z,2019-12-25T05:00:00Z,0,2019-12-25T10:05:00Z,2019-12-25T15:45:00Z,0,2.5,340,5.7,5,665,-140,Tue,Worknight
2019-12-25T05:00:00Z,2019-12-26T05:00:00Z,1,2019-12-26T07:07:00Z,2019-12-26T13:03:00Z,1,4,356,5.9,2,487,-124,Wed,Worknight
2019-12-26T05:00:00Z,2019-12-27T05:00:00Z,0,2019-12-27T03:25:00Z,2019-12-27T13:26:00Z,0,3.5,601,10,22,265,121,Thu,Worknight
2019-12-27T05:00:00Z,2019-12-28T05:00:00Z,0,2019-12-28T05:43:00Z,2019-12-28T13:38:00Z,0,3.5,475,7.9,0,403,-5,Fri,Fri-Sat
2019-12-28T05:00:00Z,2019-12-29T05:00:00Z,0,2019-12-29T04:36:00Z,2019-12-29T14:31:00Z,0,0,595,9.9,23,336,115,Sat,Fri-Sat
2019-12-29T05:00:00Z,2019-12-30T05:00:00Z,0,2019-12-30T04:48:00Z,2019-12-30T13:19:00Z,0,4.25,511,8.5,23,348,31,Sun,Worknight
2019-12-30T05:00:00Z,2019-12-31T05:00:00Z,0,2019-12-31T03:37:00Z,2019-12-31T12:44:00Z,0,3.75,547,9.1,22,277,67,Mon,Worknight
2019-12-31T05:00:00Z,2020-01-01T05:00:00Z,0,2020-01-01T05:36:00Z,2020-01-01T15:28:00Z,0,4.5,592,9.9,0,396,112,Tue,Worknight
2020-01-01T05:00:00Z,2020-01-02T05:00:00Z,0,2020-01-02T06:24:00Z,2020-01-02T13:33:00Z,0,4,429,7.2,1,444,-51,Wed,Worknight
2020-01-02T05:00:00Z,2020-01-03T05:00:00Z,0,2020-01-03T04:43:00Z,2020-01-03T13:04:00Z,0,4.5,501,8.3,23,343,21,Thu,Worknight
2020-01-03T05:00:00Z,2020-01-04T05:00:00Z,0,2020-01-04T04:49:00Z,2020-01-04T15:10:00Z,0,3.75,621,10.3,23,349,141,Fri,Fri-Sat
2020-01-04T05:00:00Z,2020-01-05T05:00:00Z,0,2020-01-05T04:09:00Z,2020-01-05T14:08:00Z,0,3.5,599,10,23,309,119,Sat,Fri-Sat
2020-01-05T05:00:00Z,2020-01-06T05:00:00Z,0,2020-01-06T04:51:00Z,2020-01-06T13:20:00Z,0,0,509,8.5,23,351,29,Sun,Worknight
2020-01-06T05:00:00Z,2020-01-07T05:00:00Z,0,2020-01-07T03:15:00Z,2020-01-07T13:03:00Z,0,4.5,588,9.8,22,255,108,Mon,Worknight
2020-01-07T05:00:00Z,2020-01-08T05:00:00Z,0,2020-01-08T05:27:00Z,2020-01-08T13:01:00Z,0,2.25,454,7.6,0,387,-26,Tue,Worknight
2020-01-08T05:00:00Z,2020-01-09T05:00:00Z,0,2020-01-09T05:14:00Z,2020-01-09T13:31:00Z,0,3.5,497,8.3,0,374,17,Wed,Worknight
2020-01-09T05:00:00Z,2020-01-10T05:00:00Z,0,2020-01-10T06:19:00Z,2020-01-10T13:06:00Z,0,4.5,407,6.8,1,439,-73,Thu,Worknight
2020-01-10T05:00:00Z,2020-01-11T05:00:00Z,0,2020-01-11T08:23:00Z,2020-01-11T13:14:00Z,0,2.75,291,4.8,3,563,-189,Fri,Fri-Sat
2020-01-11T05:00:00Z,2020-01-12T05:00:00Z,0,2020-01-12T05:24:00Z,2020-01-12T14:55:00Z,0,3.75,571,9.5,0,384,91,Sat,Fri-Sat
2020-01-12T05:00:00Z,2020-01-13T05:00:00Z,0,2020-01-13T06:39:00Z,2020-01-13T13:38:00Z,0,4.25,419,7,1,459,-61,Sun,Worknight
2020-01-13T05:00:00Z,2020-01-14T05:00:00Z,0,2020-01-14T07:48:00Z,2020-01-14T12:53:00Z,0,3.5,305,5.1,2,528,-175,Mon,Worknight
2020-01-14T05:00:00Z,2020-01-15T05:00:00Z,0,2020-01-15T04:21:00Z,2020-01-15T13:19:00Z,0,4,538,9,23,321,58,Tue,Worknight
2020-01-15T05:00:00Z,2020-01-16T05:00:00Z,0,2020-01-16T04:28:00Z,2020-01-16T13:12:00Z,0,3.75,524,8.7,23,328,44,Wed,Worknight
2020-01-16T05:00:00Z,2020-01-17T05:00:00Z,0,2020-01-17T04:35:00Z,2020-01-17T13:03:00Z,0,4.25,508,8.5,23,335,28,Thu,Worknight
2020-01-17T05:00:00Z,2020-01-18T05:00:00Z,0,2020-01-18T07:35:00Z,2020-01-18T13:55:00Z,0,3.5,380,6.3,2,515,-100,Fri,Fri-Sat
2020-01-18T05:00:00Z,2020-01-19T05:00:00Z,0,2020-01-19T08:19:00Z,2020-01-19T13:26:00Z,0,3,307,5.1,3,559,-173,Sat,Fri-Sat
2020-01-19T05:00:00Z,2020-01-20T05:00:00Z,0,2020-01-20T05:04:00Z,2020-01-20T16:02:00Z,0,3.5,658,11,0,364,178,Sun,Worknight
2020-01-20T05:00:00Z,2020-01-21T05:00:00Z,0,2020-01-21T04:27:00Z,2020-01-21T13:31:00Z,0,3.75,544,9.1,23,327,64,Mon,Worknight
2020-01-21T05:00:00Z,2020-01-22T05:00:00Z,0,2020-01-22T05:21:00Z,2020-01-22T13:04:00Z,0,2.5,463,7.7,0,381,-17,Tue,Worknight
2020-01-22T05:00:00Z,2020-01-23T05:00:00Z,0,2020-01-23T04:32:00Z,2020-01-23T11:05:00Z,0,3.5,393,6.5,23,332,-87,Wed,Worknight
2020-01-23T05:00:00Z,2020-01-24T05:00:00Z,0,2020-01-24T03:55:00Z,2020-01-24T13:05:00Z,0,3.75,550,9.2,22,295,70,Thu,Worknight
2020-01-24T05:00:00Z,2020-01-25T05:00:00Z,0,2020-01-25T04:26:00Z,2020-01-25T12:17:00Z,0,3.25,471,7.8,23,326,-9,Fri,Fri-Sat
2020-01-25T05:00:00Z,2020-01-26T05:00:00Z,0,2020-01-26T05:32:00Z,2020-01-26T13:32:00Z,0,3.5,480,8,0,392,0,Sat,Fri-Sat
2020-01-26T05:00:00Z,2020-01-27T05:00:00Z,0,2020-01-27T03:59:00Z,2020-01-27T13:10:00Z,0,4.25,551,9.2,22,299,71,Sun,Worknight
2020-01-27T05:00:00Z,2020-01-28T05:00:00Z,0,2020-01-28T07:06:00Z,2020-01-28T12:26:00Z,0,1.75,320,5.3,2,486,-160,Mon,Worknight
2020-01-28T05:00:00Z,2020-01-29T05:00:00Z,0,2020-01-29T02:16:00Z,2020-01-29T11:50:00Z,0,4.25,574,9.6,21,196,94,Tue,Worknight
2020-01-29T05:00:00Z,2020-01-30T05:00:00Z,0,2020-01-30T04:08:00Z,2020-01-30T12:17:00Z,0,0,489,8.2,23,308,9,Wed,Worknight
2020-01-30T05:00:00Z,2020-01-31T05:00:00Z,0,2020-01-31T04:19:00Z,2020-01-31T12:15:00Z,0,4.5,476,7.9,23,319,-4,Thu,Worknight
2020-01-31T05:00:00Z,2020-02-01T05:00:00Z,0,2020-02-01T02:42:00Z,2020-02-01T13:00:00Z,0,4,618,10.3,21,222,138,Fri,Fri-Sat
2020-02-01T05:00:00Z,2020-02-02T05:00:00Z,0,2020-02-02T04:53:00Z,2020-02-02T12:56:00Z,0,2.75,483,8.1,23,353,3,Sat,Fri-Sat
2020-02-02T05:00:00Z,2020-02-03T05:00:00Z,0,2020-02-03T04:00:00Z,2020-02-03T14:19:00Z,0,4.25,619,10.3,23,300,139,Sun,Worknight
2020-02-03T05:00:00Z,2020-02-04T05:00:00Z,0,2020-02-04T06:07:00Z,2020-02-04T10:27:00Z,0,0,260,4.3,1,427,-220,Mon,Worknight
2020-02-04T05:00:00Z,2020-02-05T05:00:00Z,0,2020-02-05T04:04:00Z,2020-02-05T12:11:00Z,0,4.5,487,8.1,23,304,7,Tue,Worknight
2020-02-05T05:00:00Z,2020-02-06T05:00:00Z,0,2020-02-06T03:34:00Z,2020-02-06T12:33:00Z,0,3.75,539,9,22,274,59,Wed,Worknight
2020-02-06T05:00:00Z,2020-02-07T05:00:00Z,0,2020-02-07T05:34:00Z,2020-02-07T12:39:00Z,0,4,425,7.1,0,394,-55,Thu,Worknight
2020-02-07T05:00:00Z,2020-02-08T05:00:00Z,0,2020-02-08T03:53:00Z,2020-02-08T13:08:00Z,0,4.5,555,9.2,22,293,75,Fri,Fri-Sat
2020-02-08T05:00:00Z,2020-02-09T05:00:00Z,0,2020-02-09T08:41:00Z,2020-02-09T15:05:00Z,0,3.5,384,6.4,3,581,-96,Sat,Fri-Sat
2020-02-09T05:00:00Z,2020-02-10T05:00:00Z,0,2020-02-10T07:31:00Z,2020-02-10T13:45:00Z,0,4.25,374,6.2,2,511,-106,Sun,Worknight
2020-02-10T05:00:00Z,2020-02-11T05:00:00Z,0,2020-02-11T05:45:00Z,2020-02-11T14:20:00Z,0,2.5,515,8.6,0,405,35,Mon,Worknight
2020-02-11T05:00:00Z,2020-02-12T05:00:00Z,0,2020-02-12T05:08:00Z,2020-02-12T13:02:00Z,0,4.5,474,7.9,0,368,-6,Tue,Worknight
2020-02-12T05:00:00Z,2020-02-13T05:00:00Z,0,2020-02-13T04:55:00Z,2020-02-13T13:10:00Z,0,3,495,8.2,23,355,15,Wed,Worknight
2020-02-13T05:00:00Z,2020-02-14T05:00:00Z,0,2020-02-14T07:05:00Z,2020-02-14T12:51:00Z,0,3.25,346,5.8,2,485,-134,Thu,Worknight
2020-02-14T05:00:00Z,2020-02-15T05:00:00Z,0,2020-02-15T04:38:00Z,2020-02-15T12:32:00Z,0,3.75,474,7.9,23,338,-6,Fri,Fri-Sat
2020-02-15T05:00:00Z,2020-02-16T05:00:00Z,0,2020-02-16T05:20:00Z,2020-02-16T14:15:00Z,0,3.75,535,8.9,0,380,55,Sat,Fri-Sat
2020-02-16T05:00:00Z,2020-02-17T05:00:00Z,0,2020-02-17T06:06:00Z,2020-02-17T13:26:00Z,0,3.75,440,7.3,1,426,-40,Sun,Worknight
2020-02-17T05:00:00Z,2020-02-18T05:00:00Z,0,2020-02-18T04:15:00Z,2020-02-18T13:28:00Z,0,4,553,9.2,23,315,73,Mon,Worknight
2020-02-18T05:00:00Z,2020-02-19T05:00:00Z,0,2020-02-19T03:30:00Z,2020-02-19T12:44:00Z,0,3.5,554,9.2,22,270,74,Tue,Worknight
2020-02-19T05:00:00Z,2020-02-20T05:00:00Z,0,2020-02-20T05:43:00Z,2020-02-20T13:45:00Z,0,3.5,482,8,0,403,2,Wed,Worknight
2020-02-20T05:00:00Z,2020-02-21T05:00:00Z,0,2020-02-21T04:48:00Z,2020-02-21T13:18:00Z,0,3.75,510,8.5,23,348,30,Thu,Worknight
2020-02-21T05:00:00Z,2020-02-22T05:00:00Z,0,2020-02-22T04:37:00Z,2020-02-22T13:39:00Z,0,3.5,542,9,23,337,62,Fri,Fri-Sat
2020-02-22T05:00:00Z,2020-02-23T05:00:00Z,0,2020-02-23T04:57:00Z,2020-02-23T14:05:00Z,0,3.5,548,9.1,23,357,68,Sat,Fri-Sat
2020-02-23T05:00:00Z,2020-02-24T05:00:00Z,0,2020-02-24T05:13:00Z,2020-02-24T13:48:00Z,0,3.5,515,8.6,0,373,35,Sun,Worknight
2020-02-24T05:00:00Z,2020-02-25T05:00:00Z,0,2020-02-25T05:03:00Z,2020-02-25T12:46:00Z,0,3.25,463,7.7,0,363,-17,Mon,Worknight
2020-02-25T05:00:00Z,2020-02-26T05:00:00Z,0,2020-02-26T05:34:00Z,2020-02-26T13:04:00Z,0,3.25,450,7.5,0,394,-30,Tue,Worknight
2020-02-26T05:00:00Z,2020-02-27T05:00:00Z,0,2020-02-27T06:06:00Z,2020-02-27T13:45:00Z,0,2.75,459,7.7,1,426,-21,Wed,Worknight
2020-02-27T05:00:00Z,2020-02-28T05:00:00Z,0,2020-02-28T05:33:00Z,2020-02-28T12:48:00Z,0,3.5,435,7.2,0,393,-45,Thu,Worknight
2020-02-28T05:00:00Z,2020-02-29T05:00:00Z,0,2020-02-29T05:50:00Z,2020-02-29T14:35:00Z,0,0,525,8.8,0,410,45,Fri,Fri-Sat
2020-02-29T05:00:00Z,2020-03-01T05:00:00Z,0,2020-03-01T04:49:00Z,2020-03-01T14:03:00Z,0,4,554,9.2,23,349,74,Sat,Fri-Sat
2020-03-01T05:00:00Z,2020-03-02T05:00:00Z,0,2020-03-02T02:42:00Z,2020-03-02T12:46:00Z,0,4,604,10.1,21,222,124,Sun,Worknight
2020-03-02T05:00:00Z,2020-03-03T05:00:00Z,0,2020-03-03T04:19:00Z,2020-03-03T13:43:00Z,0,2.75,564,9.4,23,319,84,Mon,Worknight
2020-03-03T05:00:00Z,2020-03-04T05:00:00Z,0,2020-03-04T06:21:00Z,2020-03-04T13:22:00Z,0,3.25,421,7,1,441,-59,Tue,Worknight
2020-03-04T05:00:00Z,2020-03-05T05:00:00Z,0,2020-03-05T07:32:00Z,2020-03-05T13:48:00Z,0,2.5,376,6.3,2,512,-104,Wed,Worknight
2020-03-05T05:00:00Z,2020-03-06T05:00:00Z,0,2020-03-06T05:27:00Z,2020-03-06T13:40:00Z,0,3.5,493,8.2,0,387,13,Thu,Worknight
2020-03-06T05:00:00Z,2020-03-07T05:00:00Z,0,2020-03-07T06:23:00Z,2020-03-07T14:28:00Z,0,4,485,8.1,1,443,5,Fri,Fri-Sat
2020-03-07T05:00:00Z,2020-03-08T05:00:00Z,0,2020-03-08T06:44:00Z,2020-03-08T12:42:00Z,0,3.75,358,6,1,464,-122,Sat,Fri-Sat
2020-03-08T05:00:00Z,2020-03-09T04:00:00Z,0,2020-03-09T06:32:00Z,2020-03-09T13:11:00Z,0,3.25,399,6.7,2,512,-81,Sun,Worknight
2020-03-09T04:00:00Z,2020-03-10T04:00:00Z,0,2020-03-10T04:17:00Z,2020-03-10T12:32:00Z,0,3.5,495,8.2,0,377,15,Mon,Worknight
2020-03-10T04:00:00Z,2020-03-11T04:00:00Z,0,2020-03-11T05:01:00Z,2020-03-11T12:42:00Z,0,3.75,461,7.7,1,421,-19,Tue,Worknight
2020-03-11T04:00:00Z,2020-03-12T04:00:00Z,0,2020-03-12T05:13:00Z,2020-03-12T12:31:00Z,0,2.75,438,7.3,1,433,-42,Wed,Worknight
2020-03-12T04:00:00Z,2020-03-13T04:00:00Z,0,2020-03-13T04:22:00Z,2020-03-13T12:46:00Z,0,4,504,8.4,0,382,24,Thu,Worknight
2020-03-13T04:00:00Z,2020-03-14T04:00:00Z,1,2020-03-14T05:28:00Z,2020-03-14T14:06:00Z,1,4,518,8.6,1,448,38,Fri,Fri-Sat
2020-03-14T04:00:00Z,2020-03-15T04:00:00Z,0,2020-03-15T05:17:00Z,2020-03-15T14:36:00Z,0,0,559,9.3,1,437,79,Sat,Fri-Sat
2020-03-15T04:00:00Z,2020-03-16T04:00:00Z,0,2020-03-16T08:01:00Z,2020-03-16T13:22:00Z,0,2.5,321,5.3,4,601,-159,Sun,Worknight
2020-03-16T04:00:00Z,2020-03-17T04:00:00Z,0,2020-03-17T06:02:00Z,2020-03-17T13:29:00Z,0,4,447,7.5,2,482,-33,Mon,Worknight
2020-03-17T04:00:00Z,2020-03-18T04:00:00Z,0,2020-03-18T06:26:00Z,2020-03-18T13:27:00Z,0,2.75,421,7,2,506,-59,Tue,Worknight
2020-03-18T04:00:00Z,2020-03-19T04:00:00Z,0,2020-03-19T08:37:00Z,2020-03-19T13:16:00Z,0,2.75,279,4.7,4,637,-201,Wed,Worknight
2020-03-19T04:00:00Z,2020-03-20T04:00:00Z,0,2020-03-20T06:40:00Z,2020-03-20T13:31:00Z,0,3.5,411,6.8,2,520,-69,Thu,Worknight
2020-03-20T04:00:00Z,2020-03-21T04:00:00Z,0,2020-03-21T11:05:00Z,2020-03-21T14:20:00Z,0,1.75,195,3.2,7,785,-285,Fri,Fri-Sat
2020-03-21T04:00:00Z,2020-03-22T04:00:00Z,0,2020-03-22T04:02:00Z,2020-03-22T15:02:00Z,0,4.75,660,11,0,362,180,Sat,Fri-Sat
2020-03-22T04:00:00Z,2020-03-23T04:00:00Z,0,2020-03-23T07:18:00Z,2020-03-23T13:35:00Z,0,3.5,377,6.3,3,558,-103,Sun,Worknight
2020-03-23T04:00:00Z,2020-03-24T04:00:00Z,0,2020-03-24T03:21:00Z,2020-03-24T13:54:00Z,0,3.75,633,10.6,23,321,153,Mon,Worknight
2020-03-24T04:00:00Z,2020-03-25T04:00:00Z,0,2020-03-25T04:43:00Z,2020-03-25T13:27:00Z,0,3.5,524,8.7,0,403,44,Tue,Worknight
2020-03-25T04:00:00Z,2020-03-26T04:00:00Z,0,2020-03-26T06:46:00Z,2020-03-26T13:41:00Z,0,0,415,6.9,2,526,-65,Wed,Worknight
2020-03-26T04:00:00Z,2020-03-27T04:00:00Z,0,2020-03-27T06:33:00Z,2020-03-27T13:23:00Z,0,3,410,6.8,2,513,-70,Thu,Worknight
2020-03-27T04:00:00Z,2020-03-28T04:00:00Z,0,2020-03-28T06:24:00Z,2020-03-28T15:17:00Z,0,3.5,533,8.9,2,504,53,Fri,Fri-Sat
2020-03-28T04:00:00Z,2020-03-29T04:00:00Z,0,2020-03-29T06:39:00Z,2020-03-29T13:43:00Z,0,3.75,424,7.1,2,519,-56,Sat,Fri-Sat
2020-03-29T04:00:00Z,2020-03-30T04:00:00Z,0,2020-03-30T04:10:00Z,2020-03-30T12:49:00Z,0,4.5,519,8.7,0,370,39,Sun,Worknight
2020-03-30T04:00:00Z,2020-03-31T04:00:00Z,0,2020-03-31T03:54:00Z,2020-03-31T13:03:00Z,0,3,549,9.2,23,354,69,Mon,Worknight
2020-03-31T04:00:00Z,2020-04-01T04:00:00Z,0,2020-04-01T05:16:00Z,2020-04-01T13:16:00Z,0,2.75,480,8,1,436,0,Tue,Worknight
2020-04-01T04:00:00Z,2020-04-02T04:00:00Z,0,2020-04-02T05:36:00Z,2020-04-02T13:51:00Z,0,4.25,495,8.2,1,456,15,Wed,Worknight
2020-04-02T04:00:00Z,2020-04-03T04:00:00Z,0,2020-04-03T06:11:00Z,2020-04-03T13:07:00Z,0,3,416,6.9,2,491,-64,Thu,Worknight
2020-04-04T04:00:00Z,2020-04-05T04:00:00Z,0,2020-04-05T04:12:00Z,2020-04-05T15:05:00Z,0,3.5,653,10.9,0,372,173,Sat,Fri-Sat
2020-04-05T04:00:00Z,2020-04-06T04:00:00Z,0,2020-04-06T05:08:00Z,2020-04-06T13:34:00Z,0,4,506,8.4,1,428,26,Sun,Worknight
2020-04-06T04:00:00Z,2020-04-07T04:00:00Z,0,2020-04-07T04:23:00Z,2020-04-07T12:56:00Z,0,3.75,513,8.6,0,383,33,Mon,Worknight
2020-04-07T04:00:00Z,2020-04-08T04:00:00Z,0,2020-04-08T04:24:00Z,2020-04-08T13:15:00Z,0,3.75,531,8.8,0,384,51,Tue,Worknight
2020-04-08T04:00:00Z,2020-04-09T04:00:00Z,0,2020-04-09T06:29:00Z,2020-04-09T13:32:00Z,0,3,423,7,2,509,-57,Wed,Worknight
2020-04-09T04:00:00Z,2020-04-10T04:00:00Z,0,2020-04-10T06:53:00Z,2020-04-10T13:09:00Z,0,2.5,376,6.3,2,533,-104,Thu,Worknight
2020-04-10T04:00:00Z,2020-04-11T04:00:00Z,0,2020-04-11T04:21:00Z,2020-04-11T14:43:00Z,0,3.75,622,10.4,0,381,142,Fri,Fri-Sat
2020-04-11T04:00:00Z,2020-04-12T04:00:00Z,0,2020-04-12T04:31:00Z,2020-04-12T15:14:00Z,0,4.5,643,10.7,0,391,163,Sat,Fri-Sat
2020-04-12T04:00:00Z,2020-04-13T04:00:00Z,0,2020-04-13T04:02:00Z,2020-04-13T12:56:00Z,0,4,534,8.9,0,362,54,Sun,Worknight
2020-04-13T04:00:00Z,2020-04-14T04:00:00Z,0,2020-04-14T03:42:00Z,2020-04-14T13:04:00Z,0,3.75,562,9.4,23,342,82,Mon,Worknight
2020-04-14T04:00:00Z,2020-04-15T04:00:00Z,0,2020-04-15T02:42:00Z,2020-04-15T13:10:00Z,0,4.5,628,10.5,22,282,148,Tue,Worknight
2020-04-15T04:00:00Z,2020-04-16T04:00:00Z,1,2020-04-16T02:48:00Z,2020-04-16T12:51:00Z,0,3.75,603,10.1,22,288,123,Wed,Worknight
2020-04-16T04:00:00Z,2020-04-17T04:00:00Z,0,2020-04-17T03:38:00Z,2020-04-17T13:07:00Z,0,3.75,569,9.5,23,338,89,Thu,Worknight
2020-04-17T04:00:00Z,2020-04-18T04:00:00Z,0,2020-04-18T07:38:00Z,2020-04-18T15:34:00Z,0,4.25,476,7.9,3,578,-4,Fri,Fri-Sat
2020-04-18T04:00:00Z,2020-04-19T04:00:00Z,0,2020-04-19T04:25:00Z,2020-04-19T13:56:00Z,0,4.25,571,9.5,0,385,91,Sat,Fri-Sat
2020-04-19T04:00:00Z,2020-04-20T04:00:00Z,0,2020-04-20T04:39:00Z,2020-04-20T13:09:00Z,0,4.5,510,8.5,0,399,30,Sun,Worknight
2020-04-20T04:00:00Z,2020-04-21T04:00:00Z,0,2020-04-21T05:04:00Z,2020-04-21T13:14:00Z,0,4.5,490,8.2,1,424,10,Mon,Worknight
2020-04-21T04:00:00Z,2020-04-22T04:00:00Z,0,2020-04-22T04:39:00Z,2020-04-22T13:24:00Z,0,4.25,525,8.8,0,399,45,Tue,Worknight
2020-04-22T04:00:00Z,2020-04-23T04:00:00Z,0,2020-04-23T05:06:00Z,2020-04-23T13:21:00Z,0,4,495,8.2,1,426,15,Wed,Worknight
2020-04-23T04:00:00Z,2020-04-24T04:00:00Z,0,2020-04-24T04:53:00Z,2020-04-24T14:04:00Z,0,4.25,551,9.2,0,413,71,Thu,Worknight
2020-04-24T04:00:00Z,2020-04-25T04:00:00Z,0,2020-04-25T06:53:00Z,2020-04-25T15:01:00Z,0,3.75,488,8.1,2,533,8,Fri,Fri-Sat
2020-04-25T04:00:00Z,2020-04-26T04:00:00Z,0,2020-04-26T06:38:00Z,2020-04-26T15:34:00Z,0,3.25,536,8.9,2,518,56,Sat,Fri-Sat
2020-04-26T04:00:00Z,2020-04-27T04:00:00Z,0,2020-04-27T05:09:00Z,2020-04-27T12:54:00Z,0,3.5,465,7.8,1,429,-15,Sun,Worknight
2020-04-27T04:00:00Z,2020-04-28T04:00:00Z,0,2020-04-28T06:49:00Z,2020-04-28T14:36:00Z,0,3.5,467,7.8,2,529,-13,Mon,Worknight
2020-04-28T04:00:00Z,2020-04-29T04:00:00Z,0,2020-04-29T06:56:00Z,2020-04-29T14:00:00Z,0,2.5,424,7.1,2,536,-56,Tue,Worknight
2020-04-29T04:00:00Z,2020-04-30T04:00:00Z,0,2020-04-30T06:37:00Z,2020-04-30T13:06:00Z,0,1.75,389,6.5,2,517,-91,Wed,Worknight
2020-04-30T04:00:00Z,2020-05-01T04:00:00Z,1,2020-05-01T04:12:00Z,2020-05-01T12:59:00Z,0,1,527,8.8,0,372,47,Thu,Worknight
2020-05-01T04:00:00Z,2020-05-02T04:00:00Z,0,2020-05-02T02:15:00Z,2020-05-02T12:44:00Z,0,4.25,629,10.5,22,255,149,Fri,Fri-Sat
2020-05-02T04:00:00Z,2020-05-03T04:00:00Z,0,2020-05-03T05:33:00Z,2020-05-03T14:35:00Z,0,3.5,542,9,1,453,62,Sat,Fri-Sat
2020-05-03T04:00:00Z,2020-05-04T04:00:00Z,0,2020-05-04T05:10:00Z,2020-05-04T13:21:00Z,0,4.5,491,8.2,1,430,11,Sun,Worknight
2020-05-04T04:00:00Z,2020-05-05T04:00:00Z,0,2020-05-05T04:15:00Z,2020-05-05T13:03:00Z,0,3.75,528,8.8,0,375,48,Mon,Worknight
2020-05-05T04:00:00Z,2020-05-06T04:00:00Z,0,2020-05-06T03:44:00Z,2020-05-06T13:17:00Z,0,3.75,573,9.6,23,344,93,Tue,Worknight
2020-05-06T04:00:00Z,2020-05-07T04:00:00Z,0,2020-05-07T05:50:00Z,2020-05-07T14:01:00Z,0,3.75,491,8.2,1,470,11,Wed,Worknight
2020-05-07T04:00:00Z,2020-05-08T04:00:00Z,0,2020-05-08T07:41:00Z,2020-05-08T13:40:00Z,0,3.5,359,6,3,581,-121,Thu,Worknight
2020-05-08T04:00:00Z,2020-05-09T04:00:00Z,0,2020-05-09T06:31:00Z,2020-05-09T15:05:00Z,0,3.5,514,8.6,2,511,34,Fri,Fri-Sat
2020-05-09T04:00:00Z,2020-05-10T04:00:00Z,0,2020-05-10T05:22:00Z,2020-05-10T14:51:00Z,0,3.5,569,9.5,1,442,89,Sat,Fri-Sat
2020-05-10T04:00:00Z,2020-05-11T04:00:00Z,0,2020-05-11T08:41:00Z,2020-05-11T13:47:00Z,0,3.25,306,5.1,4,641,-174,Sun,Worknight
2020-05-11T04:00:00Z,2020-05-12T04:00:00Z,0,2020-05-12T04:02:00Z,2020-05-12T12:24:00Z,0,0,502,8.4,0,362,22,Mon,Worknight
2020-05-12T04:00:00Z,2020-05-13T04:00:00Z,0,2020-05-13T05:42:00Z,2020-05-13T13:54:00Z,0,3.75,492,8.2,1,462,12,Tue,Worknight
2020-05-13T04:00:00Z,2020-05-14T04:00:00Z,0,2020-05-14T05:59:00Z,2020-05-14T11:13:00Z,0,2.5,314,5.2,1,479,-166,Wed,Worknight
2020-05-14T04:00:00Z,2020-05-15T04:00:00Z,0,2020-05-15T05:03:00Z,2020-05-15T11:19:00Z,0,3.5,376,6.3,1,423,-104,Thu,Worknight
2020-05-19T04:00:00Z,2020-05-20T04:00:00Z,0,2020-05-20T03:57:00Z,2020-05-20T13:06:00Z,0,3.75,549,9.2,23,357,69,Tue,Worknight
2020-05-20T04:00:00Z,2020-05-21T04:00:00Z,0,2020-05-21T05:15:00Z,2020-05-21T13:17:00Z,0,4,482,8,1,435,2,Wed,Worknight
2020-05-21T04:00:00Z,2020-05-22T04:00:00Z,0,2020-05-22T04:50:00Z,2020-05-22T12:20:00Z,0,4,450,7.5,0,410,-30,Thu,Worknight
2020-05-22T04:00:00Z,2020-05-23T04:00:00Z,0,2020-05-23T05:18:00Z,2020-05-23T13:04:00Z,0,3.75,466,7.8,1,438,-14,Fri,Fri-Sat
2020-05-23T04:00:00Z,2020-05-24T04:00:00Z,0,2020-05-24T03:48:00Z,2020-05-24T14:02:00Z,0,2.75,614,10.2,23,348,134,Sat,Fri-Sat
2020-05-24T04:00:00Z,2020-05-25T04:00:00Z,0,2020-05-25T05:58:00Z,2020-05-25T13:29:00Z,0,4,451,7.5,1,478,-29,Sun,Worknight
2020-05-25T04:00:00Z,2020-05-26T04:00:00Z,0,2020-05-26T03:53:00Z,2020-05-26T12:55:00Z,0,4,542,9,23,353,62,Mon,Worknight
2020-05-26T04:00:00Z,2020-05-27T04:00:00Z,0,2020-05-27T04:10:00Z,2020-05-27T11:35:00Z,0,0,445,7.4,0,370,-35,Tue,Worknight
2020-05-27T04:00:00Z,2020-05-28T04:00:00Z,0,2020-05-28T06:47:00Z,2020-05-28T10:04:00Z,0,2.75,197,3.3,2,527,-283,Wed,Worknight
2020-05-28T04:00:00Z,2020-05-29T04:00:00Z,0,2020-05-29T04:45:00Z,2020-05-29T12:57:00Z,0,3.75,492,8.2,0,405,12,Thu,Worknight
2020-05-29T04:00:00Z,2020-05-30T04:00:00Z,0,2020-05-30T07:38:00Z,2020-05-30T14:34:00Z,0,3.75,416,6.9,3,578,-64,Fri,Fri-Sat
2020-05-30T04:00:00Z,2020-05-31T04:00:00Z,0,2020-05-31T06:36:00Z,2020-05-31T14:35:00Z,0,3.75,479,8,2,516,-1,Sat,Fri-Sat
2020-05-31T04:00:00Z,2020-06-01T04:00:00Z,0,2020-06-01T06:14:00Z,2020-06-01T12:59:00Z,0,2.75,405,6.8,2,494,-75,Sun,Worknight
2020-06-01T04:00:00Z,2020-06-02T04:00:00Z,0,2020-06-02T03:53:00Z,2020-06-02T11:04:00Z,0,3.5,431,7.2,23,353,-49,Mon,Worknight
2020-06-02T04:00:00Z,2020-06-03T04:00:00Z,0,2020-06-03T04:27:00Z,2020-06-03T12:50:00Z,0,4.5,503,8.4,0,387,23,Tue,Worknight
2020-06-03T04:00:00Z,2020-06-04T04:00:00Z,0,2020-06-04T05:21:00Z,2020-06-04T07:16:00Z,0,0,115,1.9,1,441,-365,Wed,Worknight
2020-06-04T04:00:00Z,2020-06-05T04:00:00Z,0,2020-06-05T02:17:00Z,2020-06-05T12:16:00Z,0,4.25,599,10,22,257,119,Thu,Worknight
2020-06-05T04:00:00Z,2020-06-06T04:00:00Z,0,2020-06-06T09:00:00Z,2020-06-06T13:05:00Z,0,0,245,4.1,5,660,-235,Fri,Fri-Sat
2020-06-06T04:00:00Z,2020-06-07T04:00:00Z,0,2020-06-07T04:48:00Z,2020-06-07T15:39:00Z,0,4.25,651,10.8,0,408,171,Sat,Fri-Sat
2020-06-07T04:00:00Z,2020-06-08T04:00:00Z,0,2020-06-08T04:13:00Z,2020-06-08T13:08:00Z,0,3.75,535,8.9,0,373,55,Sun,Worknight
2020-06-08T04:00:00Z,2020-06-09T04:00:00Z,0,2020-06-09T04:29:00Z,2020-06-09T13:19:00Z,0,3.5,530,8.8,0,389,50,Mon,Worknight
2020-06-09T04:00:00Z,2020-06-10T04:00:00Z,0,2020-06-10T04:14:00Z,2020-06-10T12:43:00Z,0,4.5,509,8.5,0,374,29,Tue,Worknight
2020-06-10T04:00:00Z,2020-06-11T04:00:00Z,0,2020-06-11T05:10:00Z,2020-06-11T12:42:00Z,0,3.25,452,7.5,1,430,-28,Wed,Worknight
2020-06-11T04:00:00Z,2020-06-12T04:00:00Z,0,2020-06-12T06:13:00Z,2020-06-12T13:06:00Z,0,3,413,6.9,2,493,-67,Thu,Worknight
2020-06-12T04:00:00Z,2020-06-13T04:00:00Z,0,2020-06-13T07:31:00Z,2020-06-13T14:04:00Z,0,3.75,393,6.5,3,571,-87,Fri,Fri-Sat
2020-06-13T04:00:00Z,2020-06-14T04:00:00Z,0,2020-06-14T06:08:00Z,2020-06-14T15:45:00Z,0,4,577,9.6,2,488,97,Sat,Fri-Sat
2020-06-14T04:00:00Z,2020-06-15T04:00:00Z,0,2020-06-15T06:19:00Z,2020-06-15T12:45:00Z,0,3.5,386,6.4,2,499,-94,Sun,Worknight
2020-06-15T04:00:00Z,2020-06-16T04:00:00Z,0,2020-06-16T04:51:00Z,2020-06-16T12:34:00Z,0,3.5,463,7.7,0,411,-17,Mon,Worknight
2020-06-16T04:00:00Z,2020-06-17T04:00:00Z,0,2020-06-17T06:14:00Z,2020-06-17T13:00:00Z,0,3.25,406,6.8,2,494,-74,Tue,Worknight
2020-06-17T04:00:00Z,2020-06-18T04:00:00Z,0,2020-06-18T06:15:00Z,2020-06-18T13:27:00Z,0,3,432,7.2,2,495,-48,Wed,Worknight
2020-06-18T04:00:00Z,2020-06-19T04:00:00Z,0,2020-06-19T04:16:00Z,2020-06-19T12:06:00Z,0,4,470,7.8,0,376,-10,Thu,Worknight
2020-06-19T04:00:00Z,2020-06-20T04:00:00Z,0,2020-06-20T07:30:00Z,2020-06-20T14:13:00Z,0,2.5,403,6.7,3,570,-77,Fri,Fri-Sat
2020-06-20T04:00:00Z,2020-06-21T04:00:00Z,0,2020-06-21T05:12:00Z,2020-06-21T14:16:00Z,0,3.5,544,9.1,1,432,64,Sat,Fri-Sat
2020-06-21T04:00:00Z,2020-06-22T04:00:00Z,0,2020-06-22T10:23:00Z,2020-06-22T15:07:00Z,0,1.75,284,4.7,6,743,-196,Sun,Worknight
2020-06-22T04:00:00Z,2020-06-23T04:00:00Z,0,2020-06-23T02:57:00Z,2020-06-23T13:14:00Z,0,3.75,617,10.3,22,297,137,Mon,Worknight
2020-06-23T04:00:00Z,2020-06-24T04:00:00Z,0,2020-06-24T06:10:00Z,2020-06-24T13:13:00Z,0,1,423,7,2,490,-57,Tue,Worknight
2020-06-24T04:00:00Z,2020-06-25T04:00:00Z,0,2020-06-25T04:30:00Z,2020-06-25T13:37:00Z,0,4.5,547,9.1,0,390,67,Wed,Worknight
2020-06-25T04:00:00Z,2020-06-26T04:00:00Z,0,2020-06-26T03:05:00Z,2020-06-26T11:50:00Z,0,0,525,8.8,23,305,45,Thu,Worknight
